{"_wandb":{"runtime":115},"train/loss":1.6527099609375,"train/lr(1e-3)":0.0008333333333333333,"_timestamp":1.7532371627861612e+09,"_runtime":115.48776217,"_step":0}