{"val/loss":0.0093994140625,"_wandb":{"runtime":46239},"train/loss":0.009901225566864014,"train/lr(1e-3)":0,"_timestamp":1.7532120916557684e+09,"_runtime":46239.88536522,"_step":390}