{"train/lr(1e-3)":0,"_timestamp":1.7532282077336082e+09,"_runtime":4739.636140503,"_step":39,"val/loss":1.0625,"_wandb":{"runtime":4739},"train/loss":1.0631103515625}