{"train/lr(1e-3)":0,"_timestamp":1.753264340625024e+09,"_runtime":19132.320826781,"_step":129,"val/loss":0.0225830078125,"_wandb":{"runtime":19132},"train/loss":0.02214892953634262}